Bus, BasekV, Node1, Magnitude1, Angle1, pu1, Node2, Magnitude2, Angle2, pu2, Node3, Magnitude3, Angle3, pu3
"SOURCEBUS", 33, 1,      19998,    0.0,    1.0496, 2,    19995.4, -120.0,    1.0495, 3,    19994.1,  120.0,    1.0494
"1", 11, 1,    6663.93,  -30.1,    1.0493, 2,    6664.73, -150.1,    1.0494, 3,    6662.55,   89.9,    1.0491
"2", 11, 1,    6663.58,  -30.1,    1.0492, 2,    6664.35, -150.1,    1.0494, 3,    6662.11,   89.9,     1.049
"21", 0.416, 1,    251.206,  -60.4,    1.0459, 2,     251.43,  179.6,    1.0469, 3,    251.065,   59.4,    1.0453
"22", 0.416, 1,    251.086,  -60.4,    1.0454, 2,    251.361,  179.6,    1.0466, 3,    250.883,   59.4,    1.0446
"23", 0.416, 1,    251.072,  -60.4,    1.0454, 2,    251.353,  179.6,    1.0465, 3,    250.862,   59.4,    1.0445
"24", 0.416, 1,    251.061,  -60.4,    1.0453, 2,    251.347,  179.6,    1.0465, 3,    250.845,   59.4,    1.0444
"25", 0.416, 1,    251.052,  -60.4,    1.0453, 2,    251.342,  179.6,    1.0465, 3,    250.832,   59.4,    1.0444
"26", 0.416, 1,    251.042,  -60.4,    1.0452, 2,    251.336,  179.6,    1.0465, 3,    250.817,   59.4,    1.0443
"27", 0.416, 1,    250.007,  -60.5,    1.0409, 2,     250.74,  179.7,     1.044, 3,    249.253,   59.5,    1.0378
"28", 0.416, 1,    249.969,  -60.5,    1.0408, 2,    250.718,  179.7,    1.0439, 3,    249.195,   59.5,    1.0375
"29", 0.416, 1,    249.941,  -60.5,    1.0406, 2,    250.702,  179.7,    1.0438, 3,    249.152,   59.5,    1.0374
"210", 0.416, 1,    249.905,  -60.5,    1.0405, 2,    250.682,  179.7,    1.0437, 3,    249.099,   59.5,    1.0371
"211", 0.416, 1,    249.868,  -60.5,    1.0403, 2,     250.66,  179.7,    1.0436, 3,    249.042,   59.5,    1.0369
"212", 0.416, 1,    249.834,  -60.5,    1.0402, 2,     250.64,  179.7,    1.0436, 3,    248.991,   59.5,    1.0367
"213", 0.416, 1,    249.792,  -60.5,      1.04, 2,    250.617,  179.7,    1.0435, 3,    248.928,   59.5,    1.0364
"214", 0.416, 1,    249.094,  -60.5,    1.0371, 2,    250.215,  179.7,    1.0418, 3,    247.874,   59.6,     1.032
"215", 0.416, 1,    248.022,  -60.5,    1.0327, 2,    249.598,  179.8,    1.0392, 3,    246.254,   59.7,    1.0253
"216", 0.416, 1,    247.678,  -60.5,    1.0312, 2,      249.4,  179.8,    1.0384, 3,    245.735,   59.7,    1.0231
"217", 0.416, 1,    247.678,  -60.5,    1.0312, 2,      249.4,  179.8,    1.0384, 3,    245.735,   59.7,    1.0231
"218", 0.416, 1,    247.306,  -60.6,    1.0297, 2,    249.186,  179.8,    1.0375, 3,    245.173,   59.7,    1.0208
"219", 0.416, 1,    247.678,  -60.5,    1.0312, 2,      249.4,  179.8,    1.0384, 3,    245.735,   59.7,    1.0231
"220", 0.416, 1,    246.686,  -60.6,    1.0271, 2,     248.83,  179.9,     1.036, 3,    244.236,   59.8,    1.0169
"221", 0.416, 1,    247.678,  -60.5,    1.0312, 2,      249.4,  179.8,    1.0384, 3,    245.735,   59.7,    1.0231
"222", 0.416, 1,    246.676,  -60.6,    1.0271, 2,    248.824,  179.9,     1.036, 3,    244.221,   59.8,    1.0168
"223", 0.416, 1,    247.678,  -60.5,    1.0312, 2,      249.4,  179.8,    1.0384, 3,    245.735,   59.7,    1.0231
"224", 0.416, 1,    246.657,  -60.6,     1.027, 2,    248.813,  179.9,     1.036, 3,    244.192,   59.8,    1.0167
"225", 0.416, 1,    247.678,  -60.5,    1.0312, 2,      249.4,  179.8,    1.0384, 3,    245.735,   59.7,    1.0231
"226", 0.416, 1,    246.643,  -60.6,    1.0269, 2,    248.805,  179.9,    1.0359, 3,     244.17,   59.8,    1.0166
"227", 0.416, 1,    247.678,  -60.5,    1.0312, 2,      249.4,  179.8,    1.0384, 3,    245.735,   59.7,    1.0231
"228", 0.416, 1,    246.625,  -60.6,    1.0268, 2,    248.795,  179.9,    1.0359, 3,    244.144,   59.8,    1.0165
"229", 0.416, 1,    247.678,  -60.5,    1.0312, 2,      249.4,  179.8,    1.0384, 3,    245.735,   59.7,    1.0231
"230", 0.416, 1,    246.604,  -60.6,    1.0268, 2,    248.783,  179.9,    1.0358, 3,    244.112,   59.8,    1.0164
"231", 0.416, 1,    247.678,  -60.5,    1.0312, 2,      249.4,  179.8,    1.0384, 3,    245.735,   59.7,    1.0231
"232", 0.416, 1,    246.586,  -60.6,    1.0267, 2,    248.772,  179.9,    1.0358, 3,    244.085,   59.8,    1.0163
"233", 0.416, 1,    246.558,  -60.6,    1.0266, 2,    248.756,  179.9,    1.0357, 3,    244.042,   59.8,    1.0161
"234", 0.416, 1,    246.531,  -60.6,    1.0265, 2,    248.741,  179.9,    1.0357, 3,    244.002,   59.8,    1.0159
"235", 0.416, 1,    246.504,  -60.6,    1.0263, 2,    248.725,  179.9,    1.0356, 3,    243.961,   59.8,    1.0158
"236", 0.416, 1,    246.497,  -60.6,    1.0263, 2,    248.721,  179.9,    1.0356, 3,    243.951,   59.8,    1.0157
"237", 0.416, 1,    246.482,  -60.6,    1.0262, 2,    248.712,  179.9,    1.0355, 3,    243.928,   59.8,    1.0156
"238", 0.416, 1,    246.444,  -60.6,    1.0261, 2,    248.691,  179.9,    1.0354, 3,    243.871,   59.8,    1.0154
"239", 0.416, 1,     245.69,  -60.6,     1.023, 2,    248.257,  179.9,    1.0336, 3,    242.733,   59.9,    1.0106
"240", 0.416, 1,    245.516,  -60.6,    1.0222, 2,    248.157,  179.9,    1.0332, 3,    242.469,   59.9,    1.0095
"241", 0.416, 1,    245.516,  -60.6,    1.0222, 2,    248.157,  179.9,    1.0332, 3,    242.469,   59.9,    1.0095
"242", 0.416, 1,    245.293,  -60.6,    1.0213, 2,    248.029,  179.9,    1.0327, 3,    242.133,   59.9,    1.0081
"243", 0.416, 1,    245.249,  -60.6,    1.0211, 2,    248.004,  179.9,    1.0326, 3,    242.067,   59.9,    1.0079
"244", 0.416, 1,    245.213,  -60.6,     1.021, 2,    247.983,  180.0,    1.0325, 3,    242.013,   59.9,    1.0076
"245", 0.416, 1,    245.173,  -60.6,    1.0208, 2,     247.96,  180.0,    1.0324, 3,    241.952,   59.9,    1.0074
"246", 0.416, 1,    245.127,  -60.6,    1.0206, 2,    247.934,  180.0,    1.0323, 3,    241.883,   59.9,    1.0071
"247", 0.416, 1,    245.059,  -60.6,    1.0203, 2,    247.895,  180.0,    1.0321, 3,     241.78,   59.9,    1.0067
"248", 0.416, 1,    245.007,  -60.6,    1.0201, 2,    247.865,  180.0,     1.032, 3,    241.702,   59.9,    1.0063
"249", 0.416, 1,    244.962,  -60.6,    1.0199, 2,    247.839,  180.0,    1.0319, 3,    241.634,   59.9,    1.0061
"250", 0.416, 1,    244.933,  -60.6,    1.0198, 2,    247.822,  180.0,    1.0318, 3,     241.59,   59.9,    1.0059
"251", 0.416, 1,    244.903,  -60.6,    1.0197, 2,    247.805,  180.0,    1.0318, 3,    241.545,   59.9,    1.0057
"252", 0.416, 1,     244.87,  -60.6,    1.0195, 2,    247.786,  180.0,    1.0317, 3,    241.494,   59.9,    1.0055
"253", 0.416, 1,    244.808,  -60.6,    1.0193, 2,     247.75,  180.0,    1.0315, 3,      241.4,   59.9,    1.0051
"254", 0.416, 1,    244.276,  -60.6,    1.0171, 2,    247.445, -180.0,    1.0303, 3,    240.598,   60.0,    1.0018
"255", 0.416, 1,     244.26,  -60.6,     1.017, 2,    247.436, -180.0,    1.0302, 3,    240.575,   60.0,    1.0017
"256", 0.416, 1,    244.239,  -60.6,    1.0169, 2,    247.424, -180.0,    1.0302, 3,    240.542,   60.0,    1.0015
"257", 0.416, 1,    244.217,  -60.6,    1.0168, 2,    247.411, -180.0,    1.0301, 3,    240.509,   60.0,    1.0014
"258", 0.416, 1,    244.198,  -60.6,    1.0167, 2,      247.4, -180.0,    1.0301, 3,    240.481,   60.0,    1.0013
"259", 0.416, 1,    244.171,  -60.6,    1.0166, 2,    247.385, -180.0,      1.03, 3,     240.44,   60.0,    1.0011
"260", 0.416, 1,    244.142,  -60.6,    1.0165, 2,    247.368, -180.0,    1.0299, 3,    240.396,   60.0,    1.0009
"261", 0.416, 1,    244.109,  -60.6,    1.0164, 2,    247.349, -180.0,    1.0299, 3,    240.346,   60.0,    1.0007
"262", 0.416, 1,    244.076,  -60.6,    1.0162, 2,     247.33, -180.0,    1.0298, 3,    240.296,   60.0,    1.0005
"263", 0.416, 1,    244.052,  -60.6,    1.0161, 2,    247.316, -180.0,    1.0297, 3,    240.261,   60.0,    1.0003
"264", 0.416, 1,    244.021,  -60.6,     1.016, 2,    247.299, -180.0,    1.0296, 3,    240.214,   60.0,    1.0002
"265", 0.416, 1,    243.964,  -60.6,    1.0158, 2,    247.266, -180.0,    1.0295, 3,    240.128,   60.0,   0.99979
"266", 0.416, 1,    243.961,  -60.6,    1.0158, 2,    247.266, -180.0,    1.0295, 3,    240.129,   60.0,    0.9998
"267", 0.416, 1,    243.783,  -60.7,     1.015, 2,    247.112, -180.0,    1.0289, 3,    239.712,   60.0,   0.99806
"268", 0.416, 1,    243.957,  -60.6,    1.0157, 2,    247.267, -180.0,    1.0295, 3,     240.13,   60.0,    0.9998
"269", 0.416, 1,    243.783,  -60.7,     1.015, 2,    247.112, -180.0,    1.0289, 3,    239.712,   60.0,   0.99806
"270", 0.416, 1,    243.528,  -60.7,    1.0139, 2,    246.897, -179.9,     1.028, 3,     239.13,   60.0,   0.99564
"271", 0.416, 1,     243.95,  -60.6,    1.0157, 2,    247.267, -180.0,    1.0295, 3,    240.132,   60.0,   0.99981
"272", 0.416, 1,    243.528,  -60.7,    1.0139, 2,    246.897, -179.9,     1.028, 3,     239.13,   60.0,   0.99564
"273", 0.416, 1,    243.417,  -60.7,    1.0135, 2,    246.804, -179.9,    1.0276, 3,    238.877,   60.0,   0.99458
"274", 0.416, 1,    243.944,  -60.7,    1.0157, 2,    247.268, -180.0,    1.0295, 3,    240.133,   60.0,   0.99981
"275", 0.416, 1,    243.417,  -60.7,    1.0135, 2,    246.804, -179.9,    1.0276, 3,    238.877,   60.0,   0.99458
"276", 0.416, 1,    243.145,  -60.7,    1.0124, 2,    246.573, -179.9,    1.0266, 3,    238.253,   60.1,   0.99199
"277", 0.416, 1,    243.939,  -60.7,    1.0157, 2,    247.268, -180.0,    1.0295, 3,    240.134,   60.0,   0.99982
"278", 0.416, 1,    243.145,  -60.7,    1.0124, 2,    246.573, -179.9,    1.0266, 3,    238.253,   60.1,   0.99199
"279", 0.416, 1,    243.114,  -60.7,    1.0122, 2,    246.548, -179.9,    1.0265, 3,    238.184,   60.1,    0.9917
"280", 0.416, 1,    243.935,  -60.7,    1.0156, 2,    247.269, -180.0,    1.0295, 3,    240.135,   60.0,   0.99982
"281", 0.416, 1,    243.114,  -60.7,    1.0122, 2,    246.548, -179.9,    1.0265, 3,    238.184,   60.1,    0.9917
"282", 0.416, 1,    242.942,  -60.7,    1.0115, 2,    246.402, -179.9,    1.0259, 3,    237.789,   60.1,   0.99006
"283", 0.416, 1,    243.933,  -60.7,    1.0156, 2,    247.269, -180.0,    1.0295, 3,    240.136,   60.0,   0.99983
"284", 0.416, 1,    242.925,  -60.7,    1.0114, 2,    246.387, -179.9,    1.0259, 3,     237.75,   60.1,   0.98989
"285", 0.416, 1,     243.93,  -60.7,    1.0156, 2,    247.269, -180.0,    1.0295, 3,    240.137,   60.0,   0.99983
"286", 0.416, 1,    242.882,  -60.8,    1.0113, 2,    246.351, -179.9,    1.0257, 3,    237.652,   60.1,   0.98948
"287", 0.416, 1,    243.928,  -60.7,    1.0156, 2,    247.269, -180.0,    1.0295, 3,    240.137,   60.0,   0.99983
"288", 0.416, 1,    242.882,  -60.8,    1.0113, 2,    246.351, -179.9,    1.0257, 3,    237.652,   60.1,   0.98948
"289", 0.416, 1,     242.67,  -60.8,    1.0104, 2,    246.173, -179.8,     1.025, 3,    237.169,   60.1,   0.98747
"290", 0.416, 1,    243.922,  -60.7,    1.0156, 2,     247.27, -180.0,    1.0295, 3,    240.139,   60.0,   0.99984
"291", 0.416, 1,     242.67,  -60.8,    1.0104, 2,    246.173, -179.8,     1.025, 3,    237.169,   60.1,   0.98747
"292", 0.416, 1,    242.492,  -60.8,    1.0096, 2,    246.022, -179.8,    1.0243, 3,     236.76,   60.1,   0.98577
"293", 0.416, 1,    243.922,  -60.7,    1.0156, 2,     247.27, -180.0,    1.0295, 3,    240.139,   60.0,   0.99984
"294", 0.416, 1,    243.915,  -60.7,    1.0156, 2,    247.271, -180.0,    1.0295, 3,     240.14,   60.0,   0.99984
"295", 0.416, 1,    242.492,  -60.8,    1.0096, 2,    246.022, -179.8,    1.0243, 3,     236.76,   60.1,   0.98577
"296", 0.416, 1,    242.261,  -60.8,    1.0087, 2,    245.827, -179.8,    1.0235, 3,    236.232,   60.1,   0.98357
"297", 0.416, 1,    243.922,  -60.7,    1.0156, 2,     247.27, -180.0,    1.0295, 3,    240.139,   60.0,   0.99984
"298", 0.416, 1,    243.879,  -60.7,    1.0154, 2,    247.274, -180.0,    1.0295, 3,    240.149,   60.0,   0.99988
"299", 0.416, 1,    242.261,  -60.8,    1.0087, 2,    245.827, -179.8,    1.0235, 3,    236.232,   60.1,   0.98357
"2100", 0.416, 1,    242.155,  -60.8,    1.0082, 2,    245.737, -179.8,    1.0231, 3,     235.99,   60.1,   0.98256
"2101", 0.416, 1,    243.922,  -60.7,    1.0156, 2,     247.27, -180.0,    1.0295, 3,    240.139,   60.0,   0.99984
"2102", 0.416, 1,    243.879,  -60.7,    1.0154, 2,    247.274, -180.0,    1.0295, 3,    240.149,   60.0,   0.99988
"2103", 0.416, 1,    243.854,  -60.7,    1.0153, 2,    247.276, -180.0,    1.0296, 3,    240.155,   60.0,   0.99991
"2104", 0.416, 1,    242.064,  -60.8,    1.0079, 2,    245.659, -179.8,    1.0228, 3,    235.835,   60.1,   0.98192
"2105", 0.416, 1,    242.151,  -60.8,    1.0082, 2,    245.734, -179.8,    1.0231, 3,    235.977,   60.1,   0.98251
"2106", 0.416, 1,    243.922,  -60.7,    1.0156, 2,     247.27, -180.0,    1.0295, 3,    240.139,   60.0,   0.99984
"2107", 0.416, 1,    243.879,  -60.7,    1.0154, 2,    247.274, -180.0,    1.0295, 3,    240.149,   60.0,   0.99988
"2108", 0.416, 1,    243.854,  -60.7,    1.0153, 2,    247.276, -180.0,    1.0296, 3,    240.155,   60.0,   0.99991
"2109", 0.416, 1,    243.814,  -60.7,    1.0151, 2,     247.28, -180.0,    1.0296, 3,    240.165,   60.0,   0.99995
"2110", 0.416, 1,    241.921,  -60.8,    1.0073, 2,    245.535, -179.8,    1.0223, 3,    235.593,   60.1,   0.98091
"2111", 0.416, 1,    242.147,  -60.8,    1.0082, 2,     245.73, -179.8,    1.0231, 3,    235.964,   60.1,   0.98245
"2112", 0.416, 1,    243.922,  -60.7,    1.0156, 2,     247.27, -180.0,    1.0295, 3,    240.139,   60.0,   0.99984
"2113", 0.416, 1,    243.879,  -60.7,    1.0154, 2,    247.274, -180.0,    1.0295, 3,    240.149,   60.0,   0.99988
"2114", 0.416, 1,    243.854,  -60.7,    1.0153, 2,    247.276, -180.0,    1.0296, 3,    240.155,   60.0,   0.99991
"2115", 0.416, 1,    243.019,  -60.6,    1.0118, 2,    247.284, -180.0,    1.0296, 3,    240.182,   60.0,         1
"2116", 0.416, 1,    243.814,  -60.7,    1.0151, 2,     247.28, -180.0,    1.0296, 3,    240.165,   60.0,   0.99995
"2117", 0.416, 1,    241.766,  -60.8,    1.0066, 2,      245.4, -179.8,    1.0217, 3,    235.329,   60.1,   0.97981
"2118", 0.416, 1,    242.141,  -60.8,    1.0082, 2,    245.726, -179.8,    1.0231, 3,    235.948,   60.1,   0.98239
"2119", 0.416, 1,    243.922,  -60.7,    1.0156, 2,     247.27, -180.0,    1.0295, 3,    240.139,   60.0,   0.99984
"2120", 0.416, 1,    243.879,  -60.7,    1.0154, 2,    247.274, -180.0,    1.0295, 3,    240.149,   60.0,   0.99988
"2121", 0.416, 1,    243.854,  -60.7,    1.0153, 2,    247.276, -180.0,    1.0296, 3,    240.155,   60.0,   0.99991
"2122", 0.416, 1,    243.814,  -60.7,    1.0151, 2,     247.28, -180.0,    1.0296, 3,    240.165,   60.0,   0.99995
"2123", 0.416, 1,     241.76,  -60.8,    1.0066, 2,    245.395, -179.8,    1.0217, 3,     235.32,   60.1,   0.97977
"2124", 0.416, 1,    242.135,  -60.8,    1.0081, 2,    245.721, -179.8,    1.0231, 3,    235.929,   60.1,   0.98231
"2125", 0.416, 1,    243.922,  -60.7,    1.0156, 2,     247.27, -180.0,    1.0295, 3,    240.139,   60.0,   0.99984
"2126", 0.416, 1,    243.879,  -60.7,    1.0154, 2,    247.274, -180.0,    1.0295, 3,    240.149,   60.0,   0.99988
"2127", 0.416, 1,    243.854,  -60.7,    1.0153, 2,    247.276, -180.0,    1.0296, 3,    240.155,   60.0,   0.99991
"2128", 0.416, 1,    243.814,  -60.7,    1.0151, 2,     247.28, -180.0,    1.0296, 3,    240.165,   60.0,   0.99995
"2129", 0.416, 1,    241.756,  -60.8,    1.0066, 2,    245.392, -179.8,    1.0217, 3,    235.312,   60.1,   0.97974
"2130", 0.416, 1,    242.129,  -60.8,    1.0081, 2,    245.715, -179.8,    1.0231, 3,    235.911,   60.1,   0.98224
"2131", 0.416, 1,    243.879,  -60.7,    1.0154, 2,    247.274, -180.0,    1.0295, 3,    240.149,   60.0,   0.99988
"2132", 0.416, 1,    243.854,  -60.7,    1.0153, 2,    247.276, -180.0,    1.0296, 3,    240.155,   60.0,   0.99991
"2133", 0.416, 1,    243.814,  -60.7,    1.0151, 2,     247.28, -180.0,    1.0296, 3,    240.165,   60.0,   0.99995
"2134", 0.416, 1,    241.753,  -60.8,    1.0066, 2,    245.389, -179.8,    1.0217, 3,    235.307,   60.1,   0.97972
"2135", 0.416, 1,    242.124,  -60.8,    1.0081, 2,    245.711, -179.8,     1.023, 3,    235.896,   60.1,   0.98217
"2136", 0.416, 1,    243.879,  -60.7,    1.0154, 2,    247.274, -180.0,    1.0295, 3,    240.149,   60.0,   0.99988
"2137", 0.416, 1,    243.854,  -60.7,    1.0153, 2,    247.276, -180.0,    1.0296, 3,    240.155,   60.0,   0.99991
"2138", 0.416, 1,    243.814,  -60.7,    1.0151, 2,     247.28, -180.0,    1.0296, 3,    240.165,   60.0,   0.99995
"2139", 0.416, 1,    241.749,  -60.8,    1.0065, 2,    245.386, -179.8,    1.0217, 3,    235.301,   60.1,   0.97969
"2140", 0.416, 1,    242.121,  -60.8,    1.0081, 2,    245.708, -179.8,     1.023, 3,    235.886,   60.1,   0.98213
"2141", 0.416, 1,    243.854,  -60.7,    1.0153, 2,    247.276, -180.0,    1.0296, 3,    240.155,   60.0,   0.99991
"2142", 0.416, 1,    243.814,  -60.7,    1.0151, 2,     247.28, -180.0,    1.0296, 3,    240.165,   60.0,   0.99995
"2143", 0.416, 1,    241.741,  -60.8,    1.0065, 2,    245.379, -179.8,    1.0217, 3,    235.288,   60.1,   0.97964
"2144", 0.416, 1,    242.117,  -60.8,    1.0081, 2,    245.706, -179.8,     1.023, 3,    235.876,   60.1,   0.98209
"2145", 0.416, 1,    243.854,  -60.7,    1.0153, 2,    247.276, -180.0,    1.0296, 3,    240.155,   60.0,   0.99991
"2146", 0.416, 1,    243.814,  -60.7,    1.0151, 2,     247.28, -180.0,    1.0296, 3,    240.165,   60.0,   0.99995
"2147", 0.416, 1,    241.745,  -60.9,    1.0065, 2,    245.405, -179.8,    1.0218, 3,    235.212,   60.1,   0.97932
"2148", 0.416, 1,    241.731,  -60.8,    1.0065, 2,    245.365, -179.8,    1.0216, 3,    235.288,   60.1,   0.97964
"2149", 0.416, 1,     242.08,  -60.8,    1.0079, 2,    245.675, -179.8,    1.0229, 3,    235.767,   60.1,   0.98164
"2150", 0.416, 1,    243.854,  -60.7,    1.0153, 2,    247.276, -180.0,    1.0296, 3,    240.155,   60.0,   0.99991
"2151", 0.416, 1,    243.814,  -60.7,    1.0151, 2,     247.28, -180.0,    1.0296, 3,    240.165,   60.0,   0.99995
"2152", 0.416, 1,    241.748,  -60.9,    1.0065, 2,    245.425, -179.8,    1.0218, 3,    235.155,   60.1,   0.97909
"2153", 0.416, 1,    241.682,  -60.8,    1.0063, 2,      245.3, -179.8,    1.0213, 3,    235.287,   60.1,   0.97964
"2154", 0.416, 1,    241.916,  -60.8,    1.0072, 2,    245.537, -179.8,    1.0223, 3,    235.278,   60.1,    0.9796
"2155", 0.416, 1,    243.814,  -60.7,    1.0151, 2,     247.28, -180.0,    1.0296, 3,    240.165,   60.0,   0.99995
"2156", 0.416, 1,     241.75,  -60.9,    1.0065, 2,    245.447, -179.8,    1.0219, 3,     235.09,   60.1,   0.97882
"2157", 0.416, 1,    241.638,  -60.8,    1.0061, 2,     245.24, -179.8,    1.0211, 3,    235.287,   60.1,   0.97964
"2158", 0.416, 1,    241.904,  -60.9,    1.0072, 2,    245.528, -179.8,    1.0223, 3,    235.244,   60.1,   0.97946
"2159", 0.416, 1,    243.814,  -60.7,    1.0151, 2,     247.28, -180.0,    1.0296, 3,    240.165,   60.0,   0.99995
"2160", 0.416, 1,    241.753,  -60.9,    1.0066, 2,    245.465, -179.8,     1.022, 3,    235.038,   60.1,    0.9786
"2161", 0.416, 1,    241.521,  -60.8,    1.0056, 2,    245.084, -179.8,    1.0204, 3,    235.285,   60.1,   0.97963
"2162", 0.416, 1,    241.896,  -60.9,    1.0072, 2,    245.521, -179.8,    1.0222, 3,     235.22,   60.1,   0.97936
"2163", 0.416, 1,    243.814,  -60.7,    1.0151, 2,     247.28, -180.0,    1.0296, 3,    240.165,   60.0,   0.99995
"2164", 0.416, 1,    241.755,  -60.9,    1.0066, 2,     245.48, -179.8,    1.0221, 3,    234.995,   60.1,   0.97842
"2165", 0.416, 1,    241.253,  -60.8,    1.0045, 2,    244.724, -179.8,    1.0189, 3,    235.282,   60.1,   0.97962
"2166", 0.416, 1,    241.891,  -60.9,    1.0071, 2,    245.517, -179.8,    1.0222, 3,    235.204,   60.1,   0.97929
"2167", 0.416, 1,    243.814,  -60.7,    1.0151, 2,     247.28, -180.0,    1.0296, 3,    240.165,   60.0,   0.99995
"2168", 0.416, 1,    241.757,  -60.9,    1.0066, 2,    245.498, -179.8,    1.0222, 3,    234.942,   60.1,    0.9782
"2169", 0.416, 1,    241.253,  -60.8,    1.0045, 2,    244.357, -179.8,    1.0174, 3,    235.282,   60.1,   0.97962
"2170", 0.416, 1,    241.144,  -60.8,     1.004, 2,    244.678, -179.8,    1.0187, 3,    235.274,   60.1,   0.97958
"2171", 0.416, 1,    241.881,  -60.9,    1.0071, 2,    245.509, -179.7,    1.0222, 3,    235.175,   60.1,   0.97917
"2172", 0.416, 1,    243.814,  -60.7,    1.0151, 2,     247.28, -180.0,    1.0296, 3,    240.165,   60.0,   0.99995
"2173", 0.416, 1,     241.76,  -60.9,    1.0066, 2,    245.518, -179.7,    1.0222, 3,    234.885,   60.1,   0.97796
"2174", 0.416, 1,    241.253,  -60.8,    1.0045, 2,    244.333, -179.8,    1.0173, 3,    235.282,   60.1,   0.97962
"2175", 0.416, 1,      241.1,  -60.8,    1.0038, 2,    244.678, -179.8,    1.0187, 3,    235.274,   60.1,   0.97958
"2176", 0.416, 1,    240.659,  -60.7,     1.002, 2,    244.459, -179.8,    1.0178, 3,     235.22,   60.1,   0.97936
"2177", 0.416, 1,    241.868,  -60.9,     1.007, 2,    245.497, -179.7,    1.0221, 3,    235.135,   60.1,   0.97901
"2178", 0.416, 1,    243.814,  -60.7,    1.0151, 2,     247.28, -180.0,    1.0296, 3,    240.165,   60.0,   0.99995
"2179", 0.416, 1,    241.762,  -60.9,    1.0066, 2,    245.531, -179.7,    1.0223, 3,    234.848,   60.1,   0.97781
"2180", 0.416, 1,    241.253,  -60.8,    1.0045, 2,    244.314, -179.8,    1.0172, 3,    235.282,   60.1,   0.97962
"2181", 0.416, 1,    241.055,  -60.8,    1.0037, 2,    244.678, -179.8,    1.0187, 3,    235.274,   60.1,   0.97958
"2182", 0.416, 1,    240.659,  -60.7,     1.002, 2,    244.459, -179.8,    1.0178, 3,     235.22,   60.1,   0.97936
"2183", 0.416, 1,    240.516,  -60.7,    1.0014, 2,    244.395, -179.8,    1.0176, 3,    235.205,   60.1,   0.97929
"2184", 0.416, 1,    241.841,  -60.9,    1.0069, 2,    245.475, -179.7,    1.0221, 3,    235.057,   60.1,   0.97868
"2185", 0.416, 1,    243.814,  -60.7,    1.0151, 2,     247.28, -180.0,    1.0296, 3,    240.165,   60.0,   0.99995
"2186", 0.416, 1,    241.782,  -60.9,    1.0067, 2,    245.683, -179.7,    1.0229, 3,    234.405,   60.2,   0.97597
"2187", 0.416, 1,    241.253,  -60.8,    1.0045, 2,    244.304, -179.8,    1.0172, 3,    235.282,   60.1,   0.97962
"2188", 0.416, 1,    240.659,  -60.7,     1.002, 2,    244.459, -179.8,    1.0178, 3,     235.22,   60.1,   0.97936
"2189", 0.416, 1,    240.516,  -60.7,    1.0014, 2,    244.395, -179.8,    1.0176, 3,    234.873,   60.2,   0.97791
"2190", 0.416, 1,    240.312,  -60.7,    1.0006, 2,    244.268, -179.8,     1.017, 3,    235.304,   60.1,   0.97971
"2191", 0.416, 1,    241.793,  -60.9,    1.0067, 2,    245.435, -179.7,    1.0219, 3,    234.914,   60.1,   0.97808
"2192", 0.416, 1,    243.814,  -60.7,    1.0151, 2,     247.28, -180.0,    1.0296, 3,    240.165,   60.0,   0.99995
"2193", 0.416, 1,    241.787,  -60.9,    1.0067, 2,    245.719, -179.7,    1.0231, 3,    234.301,   60.2,   0.97553
"2194", 0.416, 1,    241.253,  -60.8,    1.0045, 2,    244.287, -179.8,    1.0171, 3,    235.282,   60.1,   0.97962
"2195", 0.416, 1,    240.659,  -60.7,     1.002, 2,    244.459, -179.8,    1.0178, 3,     235.22,   60.1,   0.97936
"2196", 0.416, 1,    240.516,  -60.7,    1.0014, 2,    244.395, -179.8,    1.0176, 3,    234.645,   60.2,   0.97696
"2197", 0.416, 1,    239.926,  -60.7,   0.99895, 2,    244.268, -179.8,     1.017, 3,    235.304,   60.1,   0.97971
"2198", 0.416, 1,    240.212,  -60.7,    1.0001, 2,    244.068, -179.8,    1.0162, 3,    235.382,   60.1,   0.98003
"2199", 0.416, 1,     241.74,  -60.9,    1.0065, 2,    245.391, -179.7,    1.0217, 3,    234.756,   60.2,   0.97743
"2200", 0.416, 1,    243.814,  -60.7,    1.0151, 2,     247.28, -180.0,    1.0296, 3,    240.165,   60.0,   0.99995
"2201", 0.416, 1,    241.796,  -61.0,    1.0067, 2,    245.782, -179.7,    1.0233, 3,    234.116,   60.2,   0.97476
"2202", 0.416, 1,    241.253,  -60.8,    1.0045, 2,     244.27, -179.8,     1.017, 3,    235.282,   60.1,   0.97962
"2203", 0.416, 1,    240.659,  -60.7,     1.002, 2,    244.459, -179.8,    1.0178, 3,     235.22,   60.1,   0.97936
"2204", 0.416, 1,    239.898,  -60.7,   0.99883, 2,    244.268, -179.8,     1.017, 3,    235.304,   60.1,   0.97971
"2205", 0.416, 1,    240.179,  -60.7,         1, 2,    244.002, -179.8,    1.0159, 3,    235.409,   60.1,   0.98014
"2206", 0.416, 1,     241.74,  -60.9,    1.0065, 2,    245.391, -179.7,    1.0217, 3,    234.753,   60.2,   0.97741
"2207", 0.416, 1,    241.688,  -60.9,    1.0063, 2,    245.346, -179.7,    1.0215, 3,     234.61,   60.2,   0.97682
"2208", 0.416, 1,    243.814,  -60.7,    1.0151, 2,     247.28, -180.0,    1.0296, 3,    240.165,   60.0,   0.99995
"2209", 0.416, 1,    241.749,  -61.0,    1.0065, 2,    245.782, -179.7,    1.0233, 3,    234.116,   60.2,   0.97476
"2210", 0.416, 1,    241.884,  -61.0,    1.0071, 2,    246.053, -179.6,    1.0245, 3,    233.299,   60.2,   0.97136
"2211", 0.416, 1,    241.253,  -60.8,    1.0045, 2,    244.182, -179.8,    1.0167, 3,    235.282,   60.1,   0.97962
"2212", 0.416, 1,    240.659,  -60.7,     1.002, 2,    244.459, -179.8,    1.0178, 3,     235.22,   60.1,   0.97936
"2213", 0.416, 1,    239.886,  -60.7,   0.99879, 2,    244.268, -179.8,     1.017, 3,    235.304,   60.1,   0.97971
"2214", 0.416, 1,    240.157,  -60.7,   0.99991, 2,    243.959, -179.9,    1.0157, 3,    235.426,   60.1,   0.98021
"2215", 0.416, 1,     241.74,  -60.9,    1.0065, 2,    245.391, -179.7,    1.0217, 3,    234.752,   60.2,   0.97741
"2216", 0.416, 1,    241.688,  -60.9,    1.0063, 2,    245.346, -179.7,    1.0215, 3,     234.61,   60.2,   0.97682
"2217", 0.416, 1,    241.625,  -60.9,     1.006, 2,    245.291, -179.7,    1.0213, 3,    234.433,   60.2,   0.97608
"2218", 0.416, 1,    243.814,  -60.7,    1.0151, 2,     247.28, -180.0,    1.0296, 3,    240.165,   60.0,   0.99995
"2219", 0.416, 1,    241.718,  -61.0,    1.0064, 2,    245.782, -179.7,    1.0233, 3,    234.116,   60.2,   0.97476
"2220", 0.416, 1,    241.884,  -61.0,    1.0071, 2,    246.053, -179.6,    1.0245, 3,    232.952,   60.3,   0.96992
"2221", 0.416, 1,    241.897,  -61.1,    1.0072, 2,    246.092, -179.6,    1.0246, 3,    233.184,   60.2,   0.97088
"2222", 0.416, 1,    241.253,  -60.8,    1.0045, 2,    243.959, -179.7,    1.0157, 3,    235.282,   60.1,   0.97962
"2223", 0.416, 1,    241.253,  -60.8,    1.0045, 2,    244.151, -179.8,    1.0165, 3,    235.282,   60.1,   0.97962
"2224", 0.416, 1,    240.659,  -60.7,     1.002, 2,    244.459, -179.8,    1.0178, 3,     235.22,   60.1,   0.97936
"2225", 0.416, 1,    239.878,  -60.7,   0.99875, 2,    244.268, -179.8,     1.017, 3,    235.304,   60.1,   0.97971
"2226", 0.416, 1,    240.133,  -60.7,   0.99981, 2,     243.91, -179.9,    1.0155, 3,    235.445,   60.1,   0.98029
"2227", 0.416, 1,     241.74,  -60.9,    1.0065, 2,    245.391, -179.7,    1.0217, 3,    234.749,   60.2,    0.9774
"2228", 0.416, 1,    241.688,  -60.9,    1.0063, 2,    245.346, -179.7,    1.0215, 3,     234.61,   60.2,   0.97682
"2229", 0.416, 1,    241.579,  -60.9,    1.0058, 2,    245.291, -179.7,    1.0213, 3,    234.433,   60.2,   0.97608
"2230", 0.416, 1,    241.544,  -60.9,    1.0057, 2,    245.211, -179.7,     1.021, 3,    234.171,   60.2,   0.97499
"2231", 0.416, 1,    243.814,  -60.7,    1.0151, 2,     247.28, -180.0,    1.0296, 3,    240.165,   60.0,   0.99995
"2232", 0.416, 1,    241.884,  -61.0,    1.0071, 2,    246.053, -179.6,    1.0245, 3,    232.766,   60.3,   0.96914
"2233", 0.416, 1,    241.897,  -61.1,    1.0072, 2,    246.092, -179.6,    1.0246, 3,    233.184,   60.2,   0.97088
"2234", 0.416, 1,     241.91,  -61.1,    1.0072, 2,    246.133, -179.6,    1.0248, 3,    233.058,   60.2,   0.97036
"2235", 0.416, 1,    240.659,  -60.7,     1.002, 2,    244.459, -179.8,    1.0178, 3,     235.22,   60.1,   0.97936
"2236", 0.416, 1,    239.869,  -60.7,   0.99871, 2,    244.268, -179.8,     1.017, 3,    235.304,   60.1,   0.97971
"2237", 0.416, 1,    240.115,  -60.7,   0.99974, 2,    243.874, -179.9,    1.0154, 3,    235.459,   60.1,   0.98035
"2238", 0.416, 1,     241.74,  -60.9,    1.0065, 2,    245.391, -179.7,    1.0217, 3,    234.711,   60.2,   0.97724
"2239", 0.416, 1,    241.688,  -60.9,    1.0063, 2,    245.346, -179.7,    1.0215, 3,     234.61,   60.2,   0.97682
"2240", 0.416, 1,    241.547,  -60.9,    1.0057, 2,    245.291, -179.7,    1.0213, 3,    234.433,   60.2,   0.97608
"2241", 0.416, 1,    241.221,  -60.9,    1.0043, 2,    244.889, -179.6,    1.0196, 3,    233.123,   60.2,   0.97063
"2242", 0.416, 1,    243.814,  -60.7,    1.0151, 2,     247.28, -180.0,    1.0296, 3,    240.165,   60.0,   0.99995
"2243", 0.416, 1,    241.897,  -61.1,    1.0072, 2,    246.092, -179.6,    1.0246, 3,    233.184,   60.2,   0.97088
"2244", 0.416, 1,     241.91,  -61.1,    1.0072, 2,    246.133, -179.6,    1.0248, 3,    232.932,   60.3,   0.96983
"2245", 0.416, 1,     241.91,  -61.1,    1.0072, 2,    246.133, -179.6,    1.0248, 3,    233.058,   60.2,   0.97036
"2246", 0.416, 1,    240.659,  -60.7,     1.002, 2,    244.459, -179.8,    1.0178, 3,     235.22,   60.1,   0.97936
"2247", 0.416, 1,    239.858,  -60.7,   0.99867, 2,    244.268, -179.8,     1.017, 3,    235.304,   60.1,   0.97971
"2248", 0.416, 1,    240.102,  -60.7,   0.99968, 2,    243.848, -179.9,    1.0153, 3,    235.469,   60.1,   0.98039
"2249", 0.416, 1,     241.74,  -60.9,    1.0065, 2,    245.391, -179.7,    1.0217, 3,    234.709,   60.2,   0.97723
"2250", 0.416, 1,    241.688,  -60.9,    1.0063, 2,    245.346, -179.7,    1.0215, 3,     234.61,   60.2,   0.97682
"2251", 0.416, 1,    241.221,  -60.9,    1.0043, 2,    244.301, -179.6,    1.0172, 3,    233.123,   60.2,   0.97063
"2252", 0.416, 1,    241.015,  -61.0,    1.0035, 2,    245.018, -179.6,    1.0202, 3,    232.697,   60.3,   0.96885
"2253", 0.416, 1,    243.814,  -60.7,    1.0151, 2,     247.28, -180.0,    1.0296, 3,    240.165,   60.0,   0.99995
"2254", 0.416, 1,    241.897,  -61.1,    1.0072, 2,    246.092, -179.6,    1.0246, 3,    233.184,   60.2,   0.97088
"2255", 0.416, 1,     241.91,  -61.1,    1.0072, 2,    246.133, -179.6,    1.0248, 3,     232.92,   60.3,   0.96978
"2256", 0.416, 1,    240.659,  -60.7,     1.002, 2,    244.459, -179.8,    1.0178, 3,     235.22,   60.1,   0.97936
"2257", 0.416, 1,    239.848,  -60.7,   0.99863, 2,    244.268, -179.8,     1.017, 3,    235.304,   60.1,   0.97971
"2258", 0.416, 1,    240.083,  -60.6,   0.99961, 2,    243.811, -179.9,    1.0151, 3,    235.483,   60.1,   0.98045
"2259", 0.416, 1,     241.74,  -60.9,    1.0065, 2,    245.391, -179.7,    1.0217, 3,    234.707,   60.2,   0.97722
"2260", 0.416, 1,    241.688,  -60.9,    1.0063, 2,    245.346, -179.7,    1.0215, 3,     234.61,   60.2,   0.97682
"2261", 0.416, 1,    241.221,  -60.9,    1.0043, 2,    244.252, -179.6,     1.017, 3,    233.123,   60.2,   0.97063
"2262", 0.416, 1,    241.221,  -60.9,    1.0043, 2,    244.249, -179.6,     1.017, 3,    233.123,   60.2,   0.97063
"2263", 0.416, 1,    240.625,  -61.0,    1.0019, 2,    245.263, -179.6,    1.0212, 3,    231.887,   60.3,   0.96548
"2264", 0.416, 1,    243.814,  -60.7,    1.0151, 2,     247.28, -180.0,    1.0296, 3,    240.165,   60.0,   0.99995
"2265", 0.416, 1,    241.897,  -61.1,    1.0072, 2,    246.092, -179.6,    1.0246, 3,    233.184,   60.2,   0.97088
"2266", 0.416, 1,     241.91,  -61.1,    1.0072, 2,    246.133, -179.6,    1.0248, 3,    232.904,   60.3,   0.96971
"2267", 0.416, 1,     239.81,  -60.7,   0.99847, 2,    244.268, -179.8,     1.017, 3,    235.304,   60.1,   0.97971
"2268", 0.416, 1,     240.07,  -60.6,   0.99955, 2,    243.784, -179.9,     1.015, 3,    235.494,   60.1,    0.9805
"2269", 0.416, 1,     241.74,  -60.9,    1.0065, 2,    245.391, -179.7,    1.0217, 3,    234.704,   60.2,   0.97721
"2270", 0.416, 1,    241.688,  -60.9,    1.0063, 2,    245.346, -179.7,    1.0215, 3,     234.61,   60.2,   0.97682
"2271", 0.416, 1,    241.221,  -60.9,    1.0043, 2,    244.041, -179.6,    1.0161, 3,    233.123,   60.2,   0.97063
"2272", 0.416, 1,    241.221,  -60.9,    1.0043, 2,    244.236, -179.6,    1.0169, 3,    233.123,   60.2,   0.97063
"2273", 0.416, 1,    240.576,  -61.0,    1.0017, 2,    245.263, -179.6,    1.0212, 3,    231.887,   60.3,   0.96548
"2274", 0.416, 1,     240.29,  -61.1,    1.0005, 2,    245.491, -179.6,    1.0221, 3,    231.117,   60.4,   0.96228
"2275", 0.416, 1,    243.814,  -60.7,    1.0151, 2,     247.28, -180.0,    1.0296, 3,    240.165,   60.0,   0.99995
"2276", 0.416, 1,    241.897,  -61.1,    1.0072, 2,    246.092, -179.6,    1.0246, 3,    233.184,   60.2,   0.97088
"2277", 0.416, 1,     241.91,  -61.1,    1.0072, 2,    246.133, -179.6,    1.0248, 3,    232.883,   60.3,   0.96963
"2278", 0.416, 1,    239.783,  -60.7,   0.99836, 2,    244.268, -179.8,     1.017, 3,    235.304,   60.1,   0.97971
"2279", 0.416, 1,    239.614,  -60.7,   0.99765, 2,    244.268, -179.8,     1.017, 3,    235.304,   60.1,   0.97971
"2280", 0.416, 1,    240.055,  -60.6,   0.99949, 2,    243.755, -179.9,    1.0149, 3,    235.506,   60.1,   0.98055
"2281", 0.416, 1,     241.74,  -60.9,    1.0065, 2,    245.391, -179.7,    1.0217, 3,    234.689,   60.2,   0.97715
"2282", 0.416, 1,    241.688,  -60.9,    1.0063, 2,    245.346, -179.7,    1.0215, 3,     234.61,   60.2,   0.97682
"2283", 0.416, 1,    241.221,  -60.9,    1.0043, 2,    244.223, -179.6,    1.0168, 3,    233.123,   60.2,   0.97063
"2284", 0.416, 1,    240.546,  -61.0,    1.0015, 2,    245.263, -179.6,    1.0212, 3,    231.887,   60.3,   0.96548
"2285", 0.416, 1,     240.29,  -61.1,    1.0005, 2,    245.491, -179.6,    1.0221, 3,    230.678,   60.4,   0.96045
"2286", 0.416, 1,    239.996,  -61.1,   0.99924, 2,    245.613, -179.6,    1.0226, 3,    230.679,   60.5,   0.96045
"2287", 0.416, 1,    243.814,  -60.7,    1.0151, 2,     247.28, -180.0,    1.0296, 3,    240.165,   60.0,   0.99995
"2288", 0.416, 1,    241.897,  -61.1,    1.0072, 2,    246.092, -179.6,    1.0246, 3,    233.184,   60.2,   0.97088
"2289", 0.416, 1,     241.91,  -61.1,    1.0072, 2,    246.133, -179.6,    1.0248, 3,    232.819,   60.3,   0.96936
"2290", 0.416, 1,    240.045,  -60.6,   0.99945, 2,    243.734, -179.9,    1.0148, 3,    235.514,   60.1,   0.98058
"2291", 0.416, 1,     241.74,  -60.9,    1.0065, 2,    245.391, -179.7,    1.0217, 3,    234.687,   60.2,   0.97714
"2292", 0.416, 1,    241.688,  -60.9,    1.0063, 2,    245.346, -179.7,    1.0215, 3,     234.61,   60.2,   0.97682
"2293", 0.416, 1,    241.221,  -60.9,    1.0043, 2,    244.217, -179.6,    1.0168, 3,    233.123,   60.2,   0.97063
"2294", 0.416, 1,     240.29,  -61.1,    1.0005, 2,    245.491, -179.6,    1.0221, 3,    230.664,   60.4,   0.96039
"2295", 0.416, 1,    239.756,  -61.1,   0.99825, 2,    245.713, -179.6,     1.023, 3,    230.323,   60.5,   0.95897
"2296", 0.416, 1,    243.814,  -60.7,    1.0151, 2,     247.28, -180.0,    1.0296, 3,    240.165,   60.0,   0.99995
"2297", 0.416, 1,    241.897,  -61.1,    1.0072, 2,    246.092, -179.6,    1.0246, 3,    233.184,   60.2,   0.97088
"2298", 0.416, 1,     241.91,  -61.1,    1.0072, 2,    246.133, -179.6,    1.0248, 3,    232.805,   60.3,    0.9693
"2299", 0.416, 1,    240.033,  -60.6,    0.9994, 2,     243.71, -179.9,    1.0147, 3,    235.523,   60.1,   0.98062
"2300", 0.416, 1,     241.74,  -60.9,    1.0065, 2,    245.391, -179.7,    1.0217, 3,    234.685,   60.2,   0.97713
"2301", 0.416, 1,    241.221,  -60.9,    1.0043, 2,    244.211, -179.6,    1.0168, 3,    233.123,   60.2,   0.97063
"2302", 0.416, 1,     240.29,  -61.1,    1.0005, 2,    245.491, -179.6,    1.0221, 3,    230.651,   60.4,   0.96033
"2303", 0.416, 1,    239.612,  -61.2,   0.99765, 2,    245.773, -179.5,    1.0233, 3,    230.108,   60.5,   0.95808
"2304", 0.416, 1,    243.814,  -60.7,    1.0151, 2,     247.28, -180.0,    1.0296, 3,    240.165,   60.0,   0.99995
"2305", 0.416, 1,    241.897,  -61.1,    1.0072, 2,    246.092, -179.6,    1.0246, 3,    233.184,   60.2,   0.97088
"2306", 0.416, 1,     241.91,  -61.1,    1.0072, 2,    246.133, -179.6,    1.0248, 3,    232.794,   60.3,   0.96926
"2307", 0.416, 1,    240.014,  -60.6,   0.99932, 2,    243.673, -179.9,    1.0146, 3,    235.537,   60.1,   0.98068
"2308", 0.416, 1,     241.74,  -60.9,    1.0065, 2,    245.391, -179.7,    1.0217, 3,    234.684,   60.2,   0.97713
"2309", 0.416, 1,    241.221,  -60.9,    1.0043, 2,    244.176, -179.6,    1.0166, 3,    233.123,   60.2,   0.97063
"2310", 0.416, 1,     240.29,  -61.1,    1.0005, 2,    245.491, -179.6,    1.0221, 3,    230.642,   60.4,    0.9603
"2311", 0.416, 1,    239.557,  -61.2,   0.99742, 2,    245.796, -179.5,    1.0234, 3,    230.026,   60.5,   0.95773
"2312", 0.416, 1,    243.814,  -60.7,    1.0151, 2,     247.28, -180.0,    1.0296, 3,    240.165,   60.0,   0.99995
"2313", 0.416, 1,    241.897,  -61.1,    1.0072, 2,    246.092, -179.6,    1.0246, 3,    233.184,   60.2,   0.97088
"2314", 0.416, 1,     241.91,  -61.1,    1.0072, 2,    246.133, -179.6,    1.0248, 3,    232.776,   60.3,   0.96918
"2315", 0.416, 1,        240,  -60.6,   0.99926, 2,    243.644, -179.9,    1.0144, 3,    235.549,   60.1,   0.98073
"2316", 0.416, 1,     241.74,  -60.9,    1.0065, 2,    245.391, -179.7,    1.0217, 3,    234.683,   60.2,   0.97712
"2317", 0.416, 1,    241.221,  -60.9,    1.0043, 2,    243.966, -179.6,    1.0158, 3,    233.123,   60.2,   0.97063
"2318", 0.416, 1,     240.29,  -61.1,    1.0005, 2,    245.491, -179.6,    1.0221, 3,    230.631,   60.4,   0.96025
"2319", 0.416, 1,    239.332,  -61.2,   0.99648, 2,    245.796, -179.5,    1.0234, 3,    230.026,   60.5,   0.95773
"2320", 0.416, 1,    239.545,  -61.2,   0.99737, 2,    245.811, -179.5,    1.0235, 3,    229.955,   60.5,   0.95744
"2321", 0.416, 1,    243.814,  -60.7,    1.0151, 2,     247.28, -180.0,    1.0296, 3,    240.165,   60.0,   0.99995
"2322", 0.416, 1,     241.91,  -61.1,    1.0072, 2,    246.133, -179.6,    1.0248, 3,    232.577,   60.3,   0.96835
"2323", 0.416, 1,    239.985,  -60.6,    0.9992, 2,    243.614, -179.9,    1.0143, 3,    235.561,   60.1,   0.98078
"2324", 0.416, 1,     241.74,  -60.9,    1.0065, 2,    245.391, -179.7,    1.0217, 3,     234.68,   60.2,   0.97711
"2325", 0.416, 1,     240.29,  -61.1,    1.0005, 2,    245.491, -179.6,    1.0221, 3,     230.62,   60.4,   0.96021
"2326", 0.416, 1,    239.314,  -61.2,    0.9964, 2,    245.796, -179.5,    1.0234, 3,    230.026,   60.5,   0.95773
"2327", 0.416, 1,    239.199,  -61.2,   0.99592, 2,    245.796, -179.5,    1.0234, 3,    230.026,   60.5,   0.95773
"2328", 0.416, 1,    239.536,  -61.2,   0.99733, 2,    245.822, -179.5,    1.0235, 3,      229.9,   60.5,   0.95721
"2329", 0.416, 1,    243.814,  -60.7,    1.0151, 2,     247.28, -180.0,    1.0296, 3,    240.165,   60.0,   0.99995
"2330", 0.416, 1,     241.91,  -61.1,    1.0072, 2,    246.133, -179.6,    1.0248, 3,    232.569,   60.3,   0.96832
"2331", 0.416, 1,    239.971,  -60.6,   0.99914, 2,    243.586, -179.9,    1.0142, 3,    235.572,   60.1,   0.98082
"2332", 0.416, 1,     241.74,  -60.9,    1.0065, 2,    245.391, -179.7,    1.0217, 3,    234.645,   60.2,   0.97696
"2333", 0.416, 1,     240.29,  -61.1,    1.0005, 2,    245.491, -179.6,    1.0221, 3,    230.611,   60.4,   0.96017
"2334", 0.416, 1,    239.517,  -61.2,   0.99725, 2,    245.845, -179.5,    1.0236, 3,     229.79,   60.5,   0.95675
"2335", 0.416, 1,    243.814,  -60.7,    1.0151, 2,     247.28, -180.0,    1.0296, 3,    240.165,   60.0,   0.99995
"2336", 0.416, 1,     241.91,  -61.1,    1.0072, 2,    246.133, -179.6,    1.0248, 3,    232.558,   60.3,   0.96827
"2337", 0.416, 1,    239.971,  -60.6,   0.99914, 2,    243.586, -179.9,    1.0142, 3,    235.572,   60.1,   0.98082
"2338", 0.416, 1,    239.953,  -60.6,   0.99906, 2,    243.551, -179.9,     1.014, 3,    235.586,   60.1,   0.98088
"2339", 0.416, 1,     240.29,  -61.1,    1.0005, 2,    245.491, -179.6,    1.0221, 3,    230.595,   60.4,    0.9601
"2340", 0.416, 1,    239.506,  -61.2,    0.9972, 2,    245.859, -179.5,    1.0237, 3,     229.72,   60.6,   0.95646
"2341", 0.416, 1,    243.814,  -60.7,    1.0151, 2,     247.28, -180.0,    1.0296, 3,    240.165,   60.0,   0.99995
"2342", 0.416, 1,     241.91,  -61.1,    1.0072, 2,    246.133, -179.6,    1.0248, 3,    232.548,   60.3,   0.96823
"2343", 0.416, 1,    239.971,  -60.6,   0.99914, 2,    243.586, -179.9,    1.0142, 3,    235.572,   60.1,   0.98082
"2344", 0.416, 1,    239.825,  -60.6,   0.99853, 2,    243.294, -179.9,     1.013, 3,    235.686,   60.1,    0.9813
"2345", 0.416, 1,     240.29,  -61.1,    1.0005, 2,    245.491, -179.6,    1.0221, 3,    230.474,   60.4,    0.9596
"2346", 0.416, 1,    239.489,  -61.2,   0.99713, 2,     245.88, -179.5,    1.0237, 3,     229.62,   60.6,   0.95604
"2347", 0.416, 1,    243.814,  -60.7,    1.0151, 2,     247.28, -180.0,    1.0296, 3,    240.165,   60.0,   0.99995
"2348", 0.416, 1,     241.91,  -61.1,    1.0072, 2,    246.133, -179.6,    1.0248, 3,    232.537,   60.3,   0.96819
"2349", 0.416, 1,    239.971,  -60.6,   0.99914, 2,    243.586, -179.9,    1.0142, 3,    235.572,   60.1,   0.98082
"2350", 0.416, 1,    239.825,  -60.6,   0.99853, 2,    243.253, -179.9,    1.0128, 3,    235.686,   60.1,    0.9813
"2351", 0.416, 1,    239.581,  -60.5,   0.99751, 2,    242.894, -179.9,    1.0113, 3,    235.859,   60.1,   0.98202
"2352", 0.416, 1,    239.478,  -61.2,   0.99709, 2,    245.893, -179.5,    1.0238, 3,    229.556,   60.6,   0.95578
"2353", 0.416, 1,    243.814,  -60.7,    1.0151, 2,     247.28, -180.0,    1.0296, 3,    240.165,   60.0,   0.99995
"2354", 0.416, 1,     241.91,  -61.1,    1.0072, 2,    246.133, -179.6,    1.0248, 3,     232.51,   60.3,   0.96808
"2355", 0.416, 1,    239.971,  -60.6,   0.99914, 2,    243.586, -179.9,    1.0142, 3,    235.572,   60.1,   0.98082
"2356", 0.416, 1,    239.825,  -60.6,   0.99853, 2,    243.219, -179.9,    1.0127, 3,    235.686,   60.1,    0.9813
"2357", 0.416, 1,    239.286,  -60.5,   0.99629, 2,    242.894, -179.9,    1.0113, 3,    235.859,   60.1,   0.98202
"2358", 0.416, 1,    239.614,  -60.5,   0.99765, 2,    242.794, -179.9,    1.0109, 3,    235.869,   60.1,   0.98206
"2359", 0.416, 1,    239.469,  -61.2,   0.99705, 2,    245.904, -179.5,    1.0238, 3,    229.503,   60.6,   0.95555
"2360", 0.416, 1,    243.814,  -60.7,    1.0151, 2,     247.28, -180.0,    1.0296, 3,    240.165,   60.0,   0.99995
"2361", 0.416, 1,     241.91,  -61.1,    1.0072, 2,    246.133, -179.6,    1.0248, 3,    232.461,   60.3,   0.96787
"2362", 0.416, 1,     241.91,  -61.1,    1.0072, 2,    246.133, -179.6,    1.0248, 3,    232.503,   60.3,   0.96805
"2363", 0.416, 1,    239.971,  -60.6,   0.99914, 2,    243.586, -179.9,    1.0142, 3,    235.572,   60.1,   0.98082
"2364", 0.416, 1,    239.046,  -60.5,   0.99529, 2,    242.894, -179.9,    1.0113, 3,    235.859,   60.1,   0.98202
"2365", 0.416, 1,    239.614,  -60.5,   0.99765, 2,    242.794, -179.9,    1.0109, 3,    235.869,   60.1,   0.98206
"2366", 0.416, 1,    239.645,  -60.5,   0.99778, 2,    242.698, -179.9,    1.0105, 3,    235.878,   60.1,    0.9821
"2367", 0.416, 1,    239.452,  -61.2,   0.99698, 2,    245.925, -179.5,    1.0239, 3,    229.401,   60.6,   0.95513
"2368", 0.416, 1,    243.814,  -60.7,    1.0151, 2,     247.28, -180.0,    1.0296, 3,    240.165,   60.0,   0.99995
"2369", 0.416, 1,    239.971,  -60.6,   0.99914, 2,    243.586, -179.9,    1.0142, 3,    235.572,   60.1,   0.98082
"2370", 0.416, 1,    239.614,  -60.5,   0.99765, 2,    242.794, -179.9,    1.0109, 3,    235.869,   60.1,   0.98206
"2371", 0.416, 1,    239.645,  -60.5,   0.99778, 2,    242.593, -179.9,    1.0101, 3,    235.878,   60.1,    0.9821
"2372", 0.416, 1,    239.645,  -60.5,   0.99778, 2,    242.698, -179.9,    1.0105, 3,    235.878,   60.1,    0.9821
"2373", 0.416, 1,    239.425,  -61.2,   0.99686, 2,    245.959, -179.5,    1.0241, 3,    229.237,   60.6,   0.95445
"2374", 0.416, 1,    243.814,  -60.7,    1.0151, 2,     247.28, -180.0,    1.0296, 3,    240.165,   60.0,   0.99995
"2375", 0.416, 1,    239.971,  -60.6,   0.99914, 2,    243.586, -179.9,    1.0142, 3,    235.572,   60.1,   0.98082
"2376", 0.416, 1,    239.614,  -60.5,   0.99765, 2,    242.794, -179.9,    1.0109, 3,    235.869,   60.1,   0.98206
"2377", 0.416, 1,    239.645,  -60.5,   0.99778, 2,    242.568, -179.9,      1.01, 3,    235.878,   60.1,    0.9821
"2378", 0.416, 1,    239.391,  -61.3,   0.99672, 2,    246.001, -179.5,    1.0242, 3,    229.035,   60.6,   0.95361
"2379", 0.416, 1,    243.814,  -60.7,    1.0151, 2,     247.28, -180.0,    1.0296, 3,    240.165,   60.0,   0.99995
"2380", 0.416, 1,    239.971,  -60.6,   0.99914, 2,    243.586, -179.9,    1.0142, 3,    235.572,   60.1,   0.98082
"2381", 0.416, 1,    239.614,  -60.5,   0.99765, 2,    242.794, -179.9,    1.0109, 3,    235.869,   60.1,   0.98206
"2382", 0.416, 1,    239.645,  -60.5,   0.99778, 2,    242.555, -179.9,    1.0099, 3,    235.878,   60.1,    0.9821
"2383", 0.416, 1,    239.344,  -61.3,   0.99653, 2,    246.058, -179.5,    1.0245, 3,    228.756,   60.6,   0.95245
"2384", 0.416, 1,    243.814,  -60.7,    1.0151, 2,     247.28, -180.0,    1.0296, 3,    240.165,   60.0,   0.99995
"2385", 0.416, 1,    239.971,  -60.6,   0.99914, 2,    243.586, -179.9,    1.0142, 3,    235.572,   60.1,   0.98082
"2386", 0.416, 1,    239.614,  -60.5,   0.99765, 2,    242.794, -179.9,    1.0109, 3,    235.869,   60.1,   0.98206
"2387", 0.416, 1,    239.645,  -60.5,   0.99778, 2,    242.543, -179.9,    1.0098, 3,    235.878,   60.1,    0.9821
"2388", 0.416, 1,    239.306,  -61.3,   0.99637, 2,    246.106, -179.5,    1.0247, 3,    228.525,   60.6,   0.95148
"2389", 0.416, 1,    243.814,  -60.7,    1.0151, 2,     247.28, -180.0,    1.0296, 3,    240.165,   60.0,   0.99995
"2390", 0.416, 1,    239.971,  -60.6,   0.99914, 2,    243.586, -179.9,    1.0142, 3,    235.572,   60.1,   0.98082
"2391", 0.416, 1,    239.614,  -60.5,   0.99765, 2,    242.794, -179.9,    1.0109, 3,    235.869,   60.1,   0.98206
"2392", 0.416, 1,    239.645,  -60.5,   0.99778, 2,    242.532, -179.9,    1.0098, 3,    235.878,   60.1,    0.9821
"2393", 0.416, 1,    239.306,  -61.3,   0.99637, 2,    246.069, -179.5,    1.0245, 3,    228.525,   60.6,   0.95148
"2394", 0.416, 1,    239.251,  -61.3,   0.99614, 2,    246.182, -179.5,     1.025, 3,    228.227,   60.7,   0.95024
"2395", 0.416, 1,    243.814,  -60.7,    1.0151, 2,     247.28, -180.0,    1.0296, 3,    240.165,   60.0,   0.99995
"2396", 0.416, 1,    239.971,  -60.6,   0.99914, 2,    243.586, -179.9,    1.0142, 3,    235.572,   60.1,   0.98082
"2397", 0.416, 1,    239.614,  -60.5,   0.99765, 2,    242.794, -179.9,    1.0109, 3,    235.869,   60.1,   0.98206
"2398", 0.416, 1,    239.645,  -60.5,   0.99778, 2,     242.51, -179.9,    1.0097, 3,    235.878,   60.1,    0.9821
"2399", 0.416, 1,    239.306,  -61.3,   0.99637, 2,    246.044, -179.5,    1.0244, 3,    228.525,   60.6,   0.95148
"2400", 0.416, 1,    239.211,  -61.3,   0.99598, 2,    246.237, -179.4,    1.0252, 3,    228.009,   60.7,   0.94934
"2401", 0.416, 1,    243.814,  -60.7,    1.0151, 2,     247.28, -180.0,    1.0296, 3,    240.165,   60.0,   0.99995
"2402", 0.416, 1,    239.645,  -60.5,   0.99778, 2,    242.459, -179.9,    1.0095, 3,    235.878,   60.1,    0.9821
"2403", 0.416, 1,    239.123,  -61.4,   0.99561, 2,    246.361, -179.4,    1.0257, 3,    227.525,   60.7,   0.94732
"2404", 0.416, 1,    243.814,  -60.7,    1.0151, 2,     247.28, -180.0,    1.0296, 3,    240.165,   60.0,   0.99995
"2405", 0.416, 1,    239.645,  -60.5,   0.99778, 2,    242.421, -179.9,    1.0093, 3,    235.878,   60.1,    0.9821
"2406", 0.416, 1,    239.123,  -61.4,   0.99561, 2,    246.361, -179.4,    1.0257, 3,    227.046,   60.7,   0.94532
"2407", 0.416, 1,    239.086,  -61.4,   0.99545, 2,    246.362, -179.4,    1.0257, 3,    227.491,   60.7,   0.94718
"2408", 0.416, 1,    243.814,  -60.7,    1.0151, 2,     247.28, -180.0,    1.0296, 3,    240.165,   60.0,   0.99995
"2409", 0.416, 1,    239.645,  -60.5,   0.99778, 2,    242.403, -179.9,    1.0093, 3,    235.878,   60.1,    0.9821
"2410", 0.416, 1,    239.123,  -61.4,   0.99561, 2,    246.361, -179.4,    1.0257, 3,    227.006,   60.7,   0.94516
"2411", 0.416, 1,    239.123,  -61.4,   0.99561, 2,    246.361, -179.4,    1.0257, 3,    227.006,   60.7,   0.94516
"2412", 0.416, 1,    238.901,  -61.4,   0.99468, 2,    246.365, -179.4,    1.0258, 3,    227.325,   60.7,   0.94649
"2413", 0.416, 1,    243.814,  -60.7,    1.0151, 2,     247.28, -180.0,    1.0296, 3,    240.165,   60.0,   0.99995
"2414", 0.416, 1,    239.645,  -60.5,   0.99778, 2,    242.391, -179.9,    1.0092, 3,    235.878,   60.1,    0.9821
"2415", 0.416, 1,    239.123,  -61.4,   0.99561, 2,    246.361, -179.4,    1.0257, 3,    226.747,   60.8,   0.94408
"2416", 0.416, 1,    239.123,  -61.4,   0.99561, 2,    246.361, -179.4,    1.0257, 3,     226.99,   60.7,   0.94509
"2417", 0.416, 1,    238.847,  -61.4,   0.99446, 2,    246.367, -179.4,    1.0258, 3,    227.276,   60.7,   0.94628
"2418", 0.416, 1,    243.814,  -60.7,    1.0151, 2,     247.28, -180.0,    1.0296, 3,    240.165,   60.0,   0.99995
"2419", 0.416, 1,    239.645,  -60.5,   0.99778, 2,    242.376, -179.9,    1.0092, 3,    235.878,   60.1,    0.9821
"2420", 0.416, 1,    239.123,  -61.4,   0.99561, 2,    246.361, -179.4,    1.0257, 3,    226.982,   60.7,   0.94506
"2421", 0.416, 1,      238.8,  -61.4,   0.99426, 2,    246.367, -179.4,    1.0258, 3,    227.234,   60.7,   0.94611
"2422", 0.416, 1,    243.814,  -60.7,    1.0151, 2,     247.28, -180.0,    1.0296, 3,    240.165,   60.0,   0.99995
"2423", 0.416, 1,    239.645,  -60.5,   0.99778, 2,    242.257, -179.9,    1.0087, 3,    235.878,   60.1,    0.9821
"2424", 0.416, 1,    239.123,  -61.4,   0.99561, 2,    246.361, -179.4,    1.0257, 3,    226.977,   60.7,   0.94504
"2425", 0.416, 1,    238.737,  -61.4,     0.994, 2,     246.39, -179.4,    1.0259, 3,    227.181,   60.8,   0.94589
"2426", 0.416, 1,      238.8,  -61.4,   0.99426, 2,    246.304, -179.4,    1.0255, 3,    227.234,   60.7,   0.94611
"2427", 0.416, 1,    243.814,  -60.7,    1.0151, 2,     247.28, -180.0,    1.0296, 3,    240.165,   60.0,   0.99995
"2428", 0.416, 1,    239.645,  -60.5,   0.99778, 2,     242.24, -179.9,    1.0086, 3,    235.878,   60.1,    0.9821
"2429", 0.416, 1,    239.123,  -61.4,   0.99561, 2,    246.361, -179.4,    1.0257, 3,    226.972,   60.7,   0.94502
"2430", 0.416, 1,    238.647,  -61.4,   0.99363, 2,    246.421, -179.4,     1.026, 3,    227.106,   60.8,   0.94558
"2431", 0.416, 1,    238.737,  -61.4,     0.994, 2,     246.39, -179.4,    1.0259, 3,    227.181,   60.8,   0.94589
"2432", 0.416, 1,      238.8,  -61.4,   0.99426, 2,    246.297, -179.4,    1.0255, 3,    227.234,   60.7,   0.94611
"2433", 0.416, 1,      238.8,  -61.4,   0.99426, 2,    246.297, -179.4,    1.0255, 3,    227.234,   60.7,   0.94611
"2434", 0.416, 1,    243.814,  -60.7,    1.0151, 2,     247.28, -180.0,    1.0296, 3,    240.165,   60.0,   0.99995
"2435", 0.416, 1,    239.645,  -60.5,   0.99778, 2,    242.231, -179.9,    1.0085, 3,    235.878,   60.1,    0.9821
"2436", 0.416, 1,    239.123,  -61.4,   0.99561, 2,    246.361, -179.4,    1.0257, 3,    226.943,   60.7,    0.9449
"2437", 0.416, 1,    238.579,  -61.4,   0.99335, 2,    246.445, -179.4,    1.0261, 3,     227.05,   60.8,   0.94534
"2438", 0.416, 1,    238.737,  -61.4,     0.994, 2,     246.39, -179.4,    1.0259, 3,    227.181,   60.8,   0.94589
"2439", 0.416, 1,      238.8,  -61.4,   0.99426, 2,    246.296, -179.4,    1.0255, 3,    227.234,   60.7,   0.94611
"2440", 0.416, 1,      238.8,  -61.4,   0.99426, 2,    246.265, -179.4,    1.0253, 3,    227.234,   60.7,   0.94611
"2441", 0.416, 1,    243.814,  -60.7,    1.0151, 2,     247.28, -180.0,    1.0296, 3,    240.165,   60.0,   0.99995
"2442", 0.416, 1,    239.645,  -60.5,   0.99778, 2,    242.228, -179.9,    1.0085, 3,    235.878,   60.1,    0.9821
"2443", 0.416, 1,    239.123,  -61.4,   0.99561, 2,    246.361, -179.4,    1.0257, 3,    226.721,   60.8,   0.94397
"2444", 0.416, 1,    238.532,  -61.4,   0.99315, 2,    246.461, -179.4,    1.0262, 3,     227.01,   60.8,   0.94517
"2445", 0.416, 1,    238.737,  -61.4,     0.994, 2,     246.39, -179.4,    1.0259, 3,    227.181,   60.8,   0.94589
"2446", 0.416, 1,      238.8,  -61.4,   0.99426, 2,    246.296, -179.4,    1.0255, 3,    227.234,   60.7,   0.94611
"2447", 0.416, 1,    243.814,  -60.7,    1.0151, 2,     247.28, -180.0,    1.0296, 3,    240.165,   60.0,   0.99995
"2448", 0.416, 1,    239.645,  -60.5,   0.99778, 2,     242.22, -179.8,    1.0085, 3,    235.878,   60.1,    0.9821
"2449", 0.416, 1,    238.485,  -61.4,   0.99295, 2,    246.478, -179.4,    1.0262, 3,    226.971,   60.8,   0.94501
"2450", 0.416, 1,    238.737,  -61.4,     0.994, 2,     246.39, -179.4,    1.0259, 3,    227.181,   60.8,   0.94589
"2451", 0.416, 1,      238.8,  -61.4,   0.99426, 2,    246.295, -179.4,    1.0255, 3,    227.234,   60.7,   0.94611
"2452", 0.416, 1,    239.645,  -60.5,   0.99778, 2,     242.19, -179.8,    1.0084, 3,    235.878,   60.1,    0.9821
"2453", 0.416, 1,    238.435,  -61.4,   0.99274, 2,    246.495, -179.4,    1.0263, 3,    226.929,   60.8,   0.94484
"2454", 0.416, 1,      238.8,  -61.4,   0.99426, 2,    246.294, -179.4,    1.0255, 3,    227.234,   60.7,   0.94611
"2455", 0.416, 1,    239.645,  -60.5,   0.99778, 2,    242.159, -179.8,    1.0083, 3,    235.878,   60.1,    0.9821
"2456", 0.416, 1,    239.645,  -60.5,   0.99778, 2,    241.967, -179.8,    1.0074, 3,    235.878,   60.1,    0.9821
"2457", 0.416, 1,    238.404,  -61.4,   0.99262, 2,    246.506, -179.4,    1.0263, 3,    226.903,   60.8,   0.94473
"2458", 0.416, 1,      238.8,  -61.4,   0.99426, 2,     246.29, -179.4,    1.0254, 3,    227.234,   60.7,   0.94611
"2459", 0.416, 1,    238.417,  -61.4,   0.99267, 2,    246.522, -179.4,    1.0264, 3,    226.824,   60.8,    0.9444
"2460", 0.416, 1,    238.196,  -61.4,   0.99175, 2,    246.506, -179.4,    1.0263, 3,    226.903,   60.8,   0.94473
"2461", 0.416, 1,      238.8,  -61.4,   0.99426, 2,    246.259, -179.4,    1.0253, 3,    227.234,   60.7,   0.94611
"2462", 0.416, 1,    238.425,  -61.4,    0.9927, 2,    246.532, -179.4,    1.0265, 3,    226.776,   60.8,    0.9442
"2463", 0.416, 1,    238.176,  -61.4,   0.99166, 2,    246.506, -179.4,    1.0263, 3,    226.903,   60.8,   0.94473
"2464", 0.416, 1,    238.433,  -61.4,   0.99274, 2,    246.542, -179.4,    1.0265, 3,    226.724,   60.8,   0.94398
"2465", 0.416, 1,    238.165,  -61.4,   0.99162, 2,    246.506, -179.4,    1.0263, 3,    226.903,   60.8,   0.94473
"2466", 0.416, 1,    238.439,  -61.4,   0.99276, 2,     246.55, -179.4,    1.0265, 3,    226.686,   60.8,   0.94383
"2467", 0.416, 1,    238.143,  -61.4,   0.99153, 2,    246.506, -179.4,    1.0263, 3,    226.903,   60.8,   0.94473
"2468", 0.416, 1,    238.448,  -61.4,    0.9928, 2,     246.56, -179.4,    1.0266, 3,    226.632,   60.8,    0.9436
"2469", 0.416, 1,     237.91,  -61.4,   0.99056, 2,    246.506, -179.4,    1.0263, 3,    226.903,   60.8,   0.94473
"2470", 0.416, 1,    238.459,  -61.4,   0.99284, 2,    246.574, -179.4,    1.0266, 3,    226.563,   60.8,   0.94331
"2471", 0.416, 1,    238.467,  -61.5,   0.99288, 2,    246.584, -179.4,    1.0267, 3,    226.515,   60.8,   0.94311
"2472", 0.416, 1,    238.476,  -61.5,   0.99292, 2,    246.611, -179.4,    1.0268, 3,    226.432,   60.8,   0.94277
"2473", 0.416, 1,    238.467,  -61.5,   0.99288, 2,    246.544, -179.4,    1.0265, 3,    226.515,   60.8,   0.94311
"2474", 0.416, 1,    238.476,  -61.5,   0.99292, 2,    246.611, -179.4,    1.0268, 3,    226.432,   60.8,   0.94277
"2475", 0.416, 1,    238.476,  -61.5,   0.99292, 2,    246.611, -179.4,    1.0268, 3,    226.432,   60.8,   0.94277
"2476", 0.416, 1,    238.476,  -61.5,   0.99292, 2,    246.611, -179.4,    1.0268, 3,     226.13,   60.8,   0.94151
"2477", 0.416, 1,    238.467,  -61.5,   0.99288, 2,    246.511, -179.4,    1.0264, 3,    226.515,   60.8,   0.94311
"2478", 0.416, 1,    238.476,  -61.5,   0.99292, 2,    246.611, -179.4,    1.0268, 3,    226.432,   60.8,   0.94277
"2479", 0.416, 1,    238.476,  -61.5,   0.99292, 2,    246.611, -179.4,    1.0268, 3,    225.886,   60.9,   0.94049
"2480", 0.416, 1,    238.476,  -61.5,   0.99292, 2,    246.611, -179.4,    1.0268, 3,    226.432,   60.8,   0.94277
"2481", 0.416, 1,    238.476,  -61.5,   0.99292, 2,    246.611, -179.4,    1.0268, 3,    226.432,   60.8,   0.94277
"2482", 0.416, 1,    238.476,  -61.5,   0.99292, 2,    246.611, -179.4,    1.0268, 3,    226.432,   60.8,   0.94277
"2483", 0.416, 1,    238.476,  -61.5,   0.99292, 2,    246.611, -179.4,    1.0268, 3,    226.432,   60.8,   0.94277
"2484", 0.416, 1,    238.476,  -61.5,   0.99292, 2,    246.611, -179.4,    1.0268, 3,    226.432,   60.8,   0.94277
"2485", 0.416, 1,    238.476,  -61.5,   0.99292, 2,    246.611, -179.4,    1.0268, 3,    226.432,   60.8,   0.94277
"2486", 0.416, 1,    238.476,  -61.5,   0.99292, 2,    246.611, -179.4,    1.0268, 3,    226.432,   60.8,   0.94277
"2487", 0.416, 1,    238.476,  -61.5,   0.99292, 2,    246.611, -179.4,    1.0268, 3,    226.432,   60.8,   0.94277
"2488", 0.416, 1,    238.476,  -61.5,   0.99292, 2,    246.611, -179.4,    1.0268, 3,    226.432,   60.8,   0.94277
"2489", 0.416, 1,    238.476,  -61.5,   0.99292, 2,    246.611, -179.4,    1.0268, 3,    226.432,   60.8,   0.94277
"2490", 0.416, 1,    238.476,  -61.5,   0.99292, 2,    246.611, -179.4,    1.0268, 3,    226.432,   60.8,   0.94277
"2491", 0.416, 1,    238.476,  -61.5,   0.99292, 2,    246.611, -179.4,    1.0268, 3,    226.432,   60.8,   0.94277
"2492", 0.416, 1,    238.476,  -61.5,   0.99292, 2,    246.611, -179.4,    1.0268, 3,    226.432,   60.8,   0.94277
"2493", 0.416, 1,    238.476,  -61.5,   0.99292, 2,    246.611, -179.4,    1.0268, 3,    226.432,   60.8,   0.94277
"2494", 0.416, 1,    238.476,  -61.5,   0.99292, 2,    246.611, -179.4,    1.0268, 3,    226.432,   60.8,   0.94277
"2495", 0.416, 1,    238.476,  -61.5,   0.99292, 2,    246.611, -179.4,    1.0268, 3,    226.432,   60.8,   0.94277
"2496", 0.416, 1,    238.476,  -61.5,   0.99292, 2,    246.611, -179.4,    1.0268, 3,    226.432,   60.8,   0.94277
"2497", 0.416, 1,    238.476,  -61.5,   0.99292, 2,    246.611, -179.4,    1.0268, 3,    226.432,   60.8,   0.94277
"2498", 0.416, 1,    238.476,  -61.5,   0.99292, 2,    246.611, -179.4,    1.0268, 3,    226.432,   60.8,   0.94277
"2499", 0.416, 1,    238.476,  -61.5,   0.99292, 2,    246.611, -179.4,    1.0268, 3,    226.432,   60.8,   0.94277
"2500", 0.416, 1,    238.476,  -61.5,   0.99292, 2,    246.611, -179.4,    1.0268, 3,    226.432,   60.8,   0.94277
"2501", 0.416, 1,    238.476,  -61.5,   0.99292, 2,    246.611, -179.4,    1.0268, 3,    226.432,   60.8,   0.94277
"2502", 0.416, 1,    238.476,  -61.5,   0.99292, 2,    246.611, -179.4,    1.0268, 3,    226.432,   60.8,   0.94277
"2503", 0.416, 1,    238.476,  -61.5,   0.99292, 2,    246.611, -179.4,    1.0268, 3,    226.432,   60.8,   0.94277
"2504", 0.416, 1,    238.476,  -61.5,   0.99292, 2,    246.611, -179.4,    1.0268, 3,    226.432,   60.8,   0.94277
"2505", 0.416, 1,    238.476,  -61.5,   0.99292, 2,    246.611, -179.4,    1.0268, 3,    226.432,   60.8,   0.94277
